Square,LifeSquare,KitchenSquare,m_sq,Price,TotalArea
3.294057,0.6371404,1.2444657,0.9753749,305018.88,6.2
0.9148973,0.6371404,0.2658044,0.46104625,177734.55,2.3
1.2406447,1.032212,1.2444657,0.22247475,282078.72,3.7
0.8825788,0.6371404,0.7128568,0.221402,168106.0,2.5
0.45380953,0.010978506,0.75513506,1.1664617,343995.1,2.4
0.35548562,0.9685198,0.7128568,1.0358063,161044.94,3.1
1.2447954,0.6371404,0.75513506,0.24985132,142402.73,2.9
0.32385138,0.6245849,0.2658044,2.056458,326174.2,3.3
0.51997995,0.6909765,0.7128568,0.3650287,160400.4,2.3
1.3260196,0.6371404,0.7128568,1.1445541,194756.03,3.8
1.0087351,0.7030569,1.2444657,2.4042633,512797.38,5.4
0.12327811,0.4832935,0.2658044,0.641632,253124.0,1.5
0.48211083,0.6371404,2.7124577,0.24955842,199556.86,4.1
0.6888462,0.6371404,0.7128568,0.7729767,213001.52,2.8
1.4450939,0.58567053,1.2444657,1.5786874,481360.38,4.9
1.0917257,0.6371404,0.75513506,0.55851334,168143.34,3.0
0.63543445,0.6371404,0.2658044,0.59595215,207633.66,2.1
0.37959114,0.6371404,0.7128568,0.076029465,186971.92,1.8
0.4811011,0.5222977,0.7128568,0.9315398,128803.59,2.6
0.7730162,0.173535,0.7128568,1.6113613,250466.98,3.3
0.29121423,0.63265175,0.7128568,0.9727824,260328.4,2.6
1.0877709,1.0123299,0.2658044,0.7709965,366916.25,3.1
1.6875494,0.85567385,1.2444657,0.79755557,421803.75,4.6
1.0077132,0.6371404,0.75513506,0.958587,194273.05,3.4
0.6702113,0.8946541,0.7128568,0.64777917,135466.56,2.9
0.5167747,2.8839245,0.7128568,0.7599724,191205.27,4.9
1.5160543,0.6371404,0.7128568,0.8361551,410883.9,3.7
0.1797127,0.5236799,0.2658044,0.455914,235998.2,1.4
1.234255,0.6371404,0.7128568,0.9464895,173155.77,3.5
0.1666856,0.6732622,0.75513506,1.6764834,94061.945,3.3
0.73573154,0.7805414,0.7128568,1.7396725,72659.97,4.0
0.46681932,0.6371404,0.7128568,0.79714644,233717.3,2.6
2.7198591,0.6371404,0.2658044,1.4714828,600903.8,5.1
0.9592497,0.6371404,0.7128568,0.3304001,254005.38,2.6
0.1458739,1.9032034,1.7337962,1.2113196,138396.98,5.0
0.5404511,3.2877061,0.7128568,0.7484396,193398.61,5.3
0.5271287,0.6371404,0.7128568,0.3717621,203384.33,2.2
1.2738904,0.6371404,0.7128568,0.805586,226206.97,3.4
0.0367057,0.10756763,0.7128568,1.7472228,93217.75,2.6
0.029957961,0.22539368,0.22352624,1.106335,299177.5,1.6
1.2976213,0.6371404,0.7128568,0.7348587,158611.39,3.4
1.3847345,1.6140267,0.2658044,0.052745942,308656.4,3.3
0.16779721,1.3653743,0.7128568,1.5176607,308108.22,3.8
1.2933217,0.6371404,0.7128568,0.6269031,154480.97,3.3
1.3217257,0.40810373,0.7128568,1.1542315,193595.8,3.6
0.64931756,0.77700067,0.7128568,2.2837949,301309.75,4.4
2.4055672,3.1504984,0.75513506,0.18170618,362108.44,6.5
0.32624546,0.6371404,0.7128568,0.55841553,197006.12,2.2
0.90188944,0.0301233,0.2658044,0.10534373,160810.55,1.3
0.42615843,0.25706142,1.2444657,1.9401046,91594.31,3.9
1.2368948,2.2271497,0.7128568,0.8526941,387904.12,5.0
0.36774638,0.6371404,0.2658044,3.9470708,555661.94,5.2
1.1114019,0.6371404,0.7128568,0.54495835,165911.16,3.0
0.07716255,0.6315933,0.2658044,0.43168455,254688.11,1.4
1.0266194,0.6371404,0.75513506,1.0860779,198633.62,3.5
0.792467,0.6371404,2.7124577,0.32804343,180450.69,4.5
0.8555086,0.6371404,1.2444657,0.2488316,171531.56,3.0
1.2818673,1.7977105,0.7128568,1.0632827,200932.34,4.9
1.1539136,0.6371404,0.22352624,0.7292956,170703.88,2.7
0.22910868,0.4985988,0.7128568,0.7110591,155463.1,2.2
1.7770296,0.7309643,2.223127,1.2502105,202696.05,6.0
0.7351655,0.6371404,0.7128568,0.77695864,124902.555,2.9
0.6441783,0.6371404,0.7128568,1.6520184,80356.32,3.6
1.4114234,0.6371404,0.7128568,0.05692301,117941.29,2.8
1.7364852,0.6371404,0.7128568,0.34798804,300180.38,3.4
0.83412594,0.6371404,0.2658044,0.41623893,181842.47,2.2
0.48322585,0.6371404,0.2658044,1.1000392,250434.88,2.5
1.08127,1.1843282,0.22352624,1.3625555,422637.78,3.9
1.9279083,2.670238,0.2658044,1.5333241,526817.56,6.4
0.027750932,0.67602015,0.2658044,0.10586017,223528.98,1.1
0.9891253,0.6371404,0.7128568,0.42206645,128959.85,2.8
0.48248878,0.6371404,0.7128568,0.9072786,130190.64,2.7
1.1031065,0.6371404,0.75513506,0.0584158,144224.83,2.6
0.89554906,0.6371404,0.75513506,1.0946494,211360.7,3.4
1.0530016,0.6371404,0.7128568,1.1269222,91945.05,3.5
0.62072116,0.6371404,0.7128568,0.9439848,228628.22,2.9
0.022628326,0.9217609,0.2658044,1.1022376,298194.5,2.3
0.9913156,0.1300336,0.7128568,2.024508,247440.53,3.9
0.48654017,2.8128064,0.2658044,0.4906505,291872.4,4.1
0.49664605,0.6371404,0.7128568,0.087953396,188832.7,1.9
0.9891808,0.6371404,0.22352624,0.5221047,174776.03,2.4
1.230983,0.6371404,0.7128568,0.27694616,144605.5,2.9
0.8757646,0.6371404,1.2444657,0.15659867,165302.12,2.9
0.19585596,0.5639568,0.2658044,1.3771243,295873.56,2.4
0.50469226,0.08779033,0.7128568,1.14922,158591.8,2.5
2.3580441,2.8573477,3.2017882,0.75047714,474500.6,9.2
0.15598191,0.12064915,0.7128568,1.915651,86480.95,2.9
0.5845434,0.6371404,0.7128568,0.026683612,179032.67,2.0
0.20500231,0.23897298,0.7128568,0.97372925,305673.94,2.1
1.0543854,0.161429,1.2444657,0.7729842,108540.77,3.2
0.24026594,0.49772,0.75513506,0.44359645,230372.66,1.9
0.6350497,0.6371404,0.7128568,0.06269844,177535.38,2.0
1.3629158,0.6371404,0.7128568,1.1671281,170343.75,3.9
0.82165486,0.6371404,0.2658044,0.08398321,165446.8,1.8
0.4865248,0.5162451,0.7128568,0.96393293,126602.67,2.7
1.0772767,0.6371404,0.7128568,0.4319418,123225.91,2.9
1.0413791,0.6371404,0.7128568,0.6802699,178032.89,3.1
0.35296792,0.82252574,0.7128568,0.6522323,152555.77,2.5
0.09989468,0.86014193,0.2658044,0.048745956,214439.61,1.3
0.4000918,0.57984155,0.7128568,0.83968306,138397.36,2.5
1.3299485,0.6371404,0.7128568,0.82810026,226808.75,3.5
0.46995577,0.86149466,0.7128568,0.3183519,204610.66,2.4
1.3077493,0.86118585,2.223127,1.6304028,145255.44,6.0
1.3884643,1.2782582,2.223127,0.9984598,212387.36,5.9
0.96635145,0.89206934,0.75513506,0.9274774,199179.72,3.5
1.1217642,0.6371404,0.7128568,0.7278063,173393.08,3.2
1.0607538,1.6019706,0.2658044,2.9894788,574631.3,5.9
0.5230705,0.6371404,0.7128568,0.4867425,210486.27,2.4
1.3705744,0.6371404,0.7128568,0.42649806,140029.72,3.1
1.3793819,0.6371404,1.2444657,1.237513,187612.02,4.5
0.536158,0.8799911,0.7128568,0.4576086,293122.53,2.6
0.20510282,0.6670997,0.7128568,0.06882735,199248.11,1.7
0.65827256,0.7603972,0.7128568,1.2128041,240274.8,3.3
0.5821075,0.22387378,0.7128568,0.83994263,187907.06,2.4
1.2884245,0.6677626,1.2444657,0.14718471,322048.44,3.3
0.2935857,2.4415045,0.7128568,0.98600304,162052.06,4.4
2.7596138,0.6371404,0.7128568,1.2344455,245260.23,5.3
0.35306725,0.53271365,0.7128568,0.9692304,166176.56,2.6
0.8923659,1.0573568,1.2444657,0.116932124,290525.22,3.3
0.41500136,0.6371404,1.2444657,0.8990728,174742.0,3.2
0.50639534,3.0847278,0.7128568,0.9668824,173654.55,5.3
0.98412263,0.6371404,1.2444657,1.0843221,202533.97,4.0
0.62953717,0.5053857,0.2658044,0.8549741,334325.66,2.3
2.5940995,0.6371404,0.75513506,0.13688433,415574.12,4.1
0.8856877,1.0653352,0.22352624,1.130019,381975.5,3.3
0.43387383,0.6371404,0.7128568,0.5214248,219765.03,2.3
0.34529263,0.898961,0.7128568,0.6998235,296954.44,2.7
0.17395908,0.8767469,1.2444657,2.491671,372616.47,4.8
0.81157523,0.6371404,0.75513506,0.8972895,208885.9,3.1
0.89003783,0.6371404,0.22352624,0.028486319,157759.03,1.8
0.20510282,0.6371404,0.7128568,2.165216,60502.582,3.7
0.6827383,0.6371404,0.7128568,1.5101396,254391.27,3.5
0.8525853,0.6371404,0.75513506,0.4725432,183295.12,2.7
0.75916237,0.6371404,1.2444657,1.0500253,221782.0,3.7
1.1595471,0.6371404,0.7128568,1.0299731,183658.92,3.5
0.2643438,2.1000247,0.7128568,0.9137231,166221.47,4.0
3.5676398,0.6371404,2.7124577,1.6145953,221374.06,8.5
0.19257367,0.7261564,0.2658044,0.063559115,208896.5,1.2
0.27754512,0.0086140055,0.22352624,0.8005066,298947.3,1.3
0.3031419,0.6011097,0.7128568,0.92512727,137820.11,2.5
0.80735856,0.6371404,0.7128568,0.50198084,135630.05,2.7
0.52039313,0.6371404,0.7128568,0.12746167,189473.47,2.0
2.3773198,0.6371404,0.7128568,0.70914423,294689.62,4.4
0.1726718,0.14140238,1.2444657,1.0564442,308901.34,2.6
0.8841012,0.9817899,0.22352624,1.502517,415613.56,3.6
0.7997968,0.6371404,0.2658044,0.23430379,174939.53,1.9
2.874672,2.808452,2.223127,1.2591293,587987.4,9.2
0.977207,0.71953267,0.22352624,0.9671387,375533.66,2.9
0.5778052,0.1847079,1.2444657,0.58935195,212021.27,2.6
0.68069386,0.6371404,0.7128568,0.8798664,122017.67,2.9
0.992765,0.6371404,0.75513506,1.1163551,203275.69,3.5
0.09763949,0.08413607,1.2444657,1.6671336,346494.28,3.1
0.008632214,0.60319793,0.7128568,0.41991484,247074.56,1.7
0.6044709,0.8758679,0.7128568,3.0778778,352139.66,5.3
0.5830859,1.2331381,0.7128568,0.23699366,238561.88,2.8
0.08288627,0.86028117,0.75513506,2.438753,400989.2,4.1
1.1666446,0.6371404,0.7128568,0.48666346,158806.98,3.0
1.3239464,1.0986981,1.2444657,0.62637657,246800.16,4.3
0.44788167,0.6371404,4.180449,0.9206114,131073.66,6.2
0.5445068,0.5942334,0.7128568,0.1975559,168705.45,2.0
0.26565057,0.114642315,0.22352624,2.476473,426593.25,3.1
0.20510282,0.6371404,0.7128568,3.5386958,438005.2,5.1
1.2046715,1.1603317,0.7128568,0.74132276,228956.2,3.8
0.75266445,0.6371404,0.7128568,0.67642796,129409.39,2.8
0.09787026,1.4612018,0.7128568,1.5278759,106429.78,3.8
0.6259256,1.0110534,0.7128568,1.1948806,106866.25,3.5
1.2840272,0.6371404,0.22352624,0.79558706,162322.78,2.9
0.37976095,0.1593429,1.2444657,1.1338537,334328.6,2.9
0.12379548,0.8278979,0.2658044,0.9166842,271788.0,2.1
2.0036204,1.3930115,3.2017882,0.23203073,383841.94,6.8
0.9273804,0.6595093,0.2658044,1.3718251,408096.4,3.2
1.6608486,2.291953,0.7128568,0.24724503,306428.78,4.9
0.97802633,0.6371404,1.2444657,1.3453397,215837.94,4.2
1.5636752,1.3548421,0.7128568,1.3107615,187489.95,4.9
1.0947442,0.6371404,0.7128568,0.50691557,165514.75,3.0
0.4402234,0.80362767,0.2658044,0.21679392,200701.52,1.7
0.023589185,1.3937873,0.7128568,0.267909,238770.36,2.4
0.21728052,0.6371404,1.2444657,1.0904404,274828.72,3.2
0.74363106,1.0527668,0.22352624,0.99618584,182373.33,3.0
1.9012438,0.6371404,0.7128568,1.3464171,502813.78,4.6
1.5958285,0.6371404,0.7128568,0.79817814,243479.88,3.7
0.7656366,0.6371404,1.2444657,0.24200621,151976.08,2.9
0.7040636,0.51832354,0.7128568,0.19688664,180026.28,2.1
1.2330725,0.6371404,0.7128568,1.0660688,86647.805,3.6
0.037003398,0.6371404,3.2017882,1.6472313,338588.25,5.5
0.4364639,0.8824514,0.7128568,0.06587824,183744.95,2.1
0.6281785,0.6371404,0.7128568,0.7182833,133773.3,2.7
0.7161143,0.6371404,0.2658044,0.91932726,218638.33,2.5
0.7130079,0.6371404,0.7128568,2.1934881,288674.66,4.3
0.7102368,0.6371404,0.2658044,0.63454634,203558.8,2.2
0.86143243,0.6371404,1.2444657,1.207094,96245.516,4.0
0.92944473,0.6371404,0.7128568,1.7742171,242067.73,4.1
1.1409068,0.6371404,0.7128568,0.37451747,155814.34,2.9
0.4173892,1.1416132,0.7128568,0.9787767,325461.16,3.3
0.746431,0.6371404,0.22352624,0.97126096,218712.89,2.6
0.64263874,0.6371404,0.2658044,0.17555518,183355.86,1.7
0.58173084,0.8949883,0.7128568,0.8224254,225146.02,3.0
1.1552916,0.6371404,0.7128568,0.2982908,151281.6,2.8
0.72231627,0.6371404,0.2658044,0.52241385,139450.92,2.1
0.21442229,0.6371404,0.2658044,0.06911638,198597.31,1.2
1.7025367,1.819573,1.2444657,2.2956102,85537.734,7.1
1.1545365,0.6371404,0.75513506,0.26981282,150063.03,2.8
0.32631072,0.6371404,0.7128568,0.9158689,137283.78,2.6
0.27210107,0.28769946,0.7128568,0.7654288,149654.19,2.0
1.0182182,2.9489663,0.7128568,0.86328,207709.84,5.5
1.3153251,0.6371404,0.7128568,0.362537,141756.75,3.0
0.43046585,0.28337455,0.22352624,0.41071495,280930.7,1.3
1.3138729,0.6371404,0.7128568,1.3308126,181779.72,4.0
1.3422124,0.6371404,0.7128568,0.35581124,139400.1,3.0
0.99167776,0.6371404,0.2658044,0.56292075,176552.02,2.5
0.97616607,0.6371404,0.2658044,0.66161096,182642.36,2.5
1.5726736,1.3498569,0.2658044,0.33468816,291518.53,3.5
0.9650242,0.6371404,0.7128568,1.172811,93560.79,3.5
0.311113,2.739231,0.7128568,0.91356367,168514.44,4.7
0.60745233,0.88686824,0.7128568,0.6597633,204406.33,2.9
1.172215,0.6371404,0.75513506,1.5060805,203629.58,4.1
1.1989535,0.6371404,0.7128568,0.86261094,97107.06,3.4
0.77867997,0.8447366,0.7128568,0.9670014,112523.43,3.3
2.0154223,1.8367078,1.2444657,1.0416386,478782.5,6.1
0.9568204,0.6371404,0.7128568,0.06305543,148576.69,2.4
1.0890434,0.6371404,0.2658044,0.526719,166891.61,2.5
0.40326348,0.6371404,0.75513506,1.2322232,114009.31,3.0
0.47613087,0.75753874,0.7128568,0.6923715,143413.34,2.6
0.7793543,0.6371404,0.22352624,0.2467333,177126.69,1.9
1.5073758,0.8389893,2.223127,0.6845158,394235.9,5.3
1.4460266,2.1184468,0.7128568,1.1789429,196429.66,5.5
0.79533225,0.6371404,0.75513506,0.30154327,178829.17,2.5
0.5292633,0.6371404,0.7128568,0.8084731,133721.12,2.7
0.46773234,0.9585704,0.7128568,0.7026637,143244.42,2.8
1.3947248,0.6371404,0.7128568,1.2498857,442472.47,4.0
0.27958855,0.013200169,0.7128568,0.15553711,249400.98,1.2
0.18009277,0.90111357,0.22352624,0.0847972,211197.3,1.4
0.07141977,0.4160244,0.2658044,0.003922151,213343.69,0.8
0.8087448,0.17365946,0.7128568,0.9452742,112236.13,2.6
0.20510282,0.6371404,0.7128568,2.0462575,68375.62,3.6
1.3567667,0.40731174,0.7128568,0.8224539,228740.42,3.3
1.3497478,1.1457778,2.223127,0.25536016,337450.06,5.0
0.8793599,0.6371404,0.7128568,1.1200324,99930.02,3.3
0.05467549,0.29625767,0.75513506,0.24699092,239606.5,1.4
0.999039,0.6371404,0.22352624,2.0183377,246254.9,3.9
0.7287337,0.6371404,0.7128568,0.30600142,184141.48,2.4
1.283993,0.8196461,0.7128568,1.2709124,180325.77,4.1
0.20510282,0.6371404,0.7128568,1.0784523,132427.98,2.6
0.7401028,0.5996544,0.7128568,0.9726317,184268.0,3.0
2.5399156,0.6371404,0.75513506,2.4360323,82342.77,6.4
0.79782003,0.053914987,0.7128568,0.9624859,111851.664,2.5
0.67300016,0.3716069,0.7128568,1.3777606,94691.91,3.1
0.42498466,0.4975361,0.2658044,0.15301068,259788.22,1.3
1.11385,1.1588092,0.7128568,0.4864591,248611.5,3.5
0.87468183,0.6371404,0.75513506,1.0724468,102568.35,3.3
0.3343647,0.86641735,0.7128568,0.6107376,193368.61,2.5
0.24921776,0.085572086,0.7128568,0.27603412,214211.36,1.3
1.3645627,0.6371404,0.2658044,0.807337,155767.03,3.1
0.058836166,0.6371404,0.2658044,2.1851737,62126.664,3.1
1.5892388,2.483025,2.223127,0.2894458,359065.28,6.6
0.76616424,0.6371404,0.7128568,0.9013509,213169.44,3.0
0.061198168,0.15486106,0.7128568,0.9697666,146456.64,1.9
0.5273181,2.5638402,0.7128568,1.4918195,131250.92,5.3
0.28868082,0.6371404,0.7128568,0.6277318,286564.44,2.3
1.67357,0.6371404,0.7128568,0.5394168,275544.25,3.6
0.19909367,1.6471553,0.7128568,1.0898222,149782.3,3.6
0.72489566,0.6371404,0.2658044,0.96804065,220501.56,2.6
0.3745845,2.8911586,0.7128568,1.0778625,158591.39,5.1
0.93424475,0.29728273,2.7124577,1.5656887,139012.88,5.5
0.5751381,0.5090327,0.7128568,0.9503094,178312.31,2.7
0.9963245,0.6371404,0.2658044,0.16048013,156705.7,2.1
0.6220561,1.128433,0.7128568,0.9110229,183893.27,3.4
1.2598888,0.6371404,0.7128568,0.96498555,209682.67,3.6
0.66132015,0.858933,0.22352624,0.97645175,347550.78,2.7
0.9906917,0.6371404,0.7128568,1.1391382,204576.42,3.5
0.72485465,0.6371404,0.7128568,0.24230415,154565.27,2.3
0.4623099,0.9334412,0.7128568,0.5518684,152641.4,2.7
0.7062603,0.33001837,0.7128568,1.1047407,108406.12,2.9
0.1414057,0.36273435,0.7128568,0.25200737,246473.44,1.5
0.8353129,0.39092958,0.7128568,1.2614609,94519.9,3.2
0.68797886,0.6371404,0.7128568,2.2369554,294050.4,4.3
0.01837467,0.40919903,0.2658044,0.49247915,251414.58,1.2
2.2759287,1.1968961,0.7128568,0.22011298,348962.88,4.4
1.2093608,0.6371404,0.7128568,0.98426193,177058.12,3.5
0.9001249,0.6371404,0.7128568,0.8881131,110733.75,3.1
1.2437186,0.8710963,1.2444657,0.6550018,368975.34,4.0
0.5603362,0.81150633,0.7128568,0.28200328,195581.33,2.4
1.0485116,0.6371404,0.7128568,0.66262895,228164.8,3.1
3.3788967,0.6371404,1.7337962,0.046820603,445424.56,5.8
1.1001297,0.33209682,0.7128568,0.3193181,127047.79,2.5
1.3870671,1.3753806,1.2444657,0.7185421,387511.75,4.7
3.7643929,0.6371404,0.7128568,1.5738932,234194.84,6.7
1.3505235,0.6371404,0.7128568,0.6992838,152631.1,3.4
1.088974,0.41672012,3.2017882,1.694171,132039.42,6.4
0.06176897,0.060786963,0.7128568,0.16727273,234382.75,1.0
1.1027777,0.6371404,0.7128568,0.3197381,156261.31,2.8
0.34953856,0.9062174,0.7128568,0.28425497,219896.89,2.3
2.5320277,3.1541812,0.7128568,1.1988558,546812.1,7.6
0.88525593,0.6371404,0.7128568,0.5876519,126751.45,2.8
0.7260713,1.2796788,0.7128568,1.4042672,145985.62,4.1
0.90297115,0.6371404,0.2658044,0.35204503,173183.97,2.2
0.03832293,0.36738598,0.2658044,0.5731047,255449.06,1.2
0.6031396,0.6371404,0.7128568,0.01840057,177258.16,2.0
0.8681578,0.78864545,0.22352624,0.5338736,229983.58,2.4
0.20510282,0.6371404,0.7128568,1.1331476,128808.086,2.7
0.7566052,0.6371404,0.2658044,0.25646278,179353.5,1.9
0.10758245,1.5690798,0.7128568,0.789762,283312.66,3.2
0.60420656,0.8377173,0.7128568,0.34452808,156425.34,2.5
1.0283731,0.6371404,1.7337962,0.19559532,137402.1,3.6
1.2366863,1.2041367,2.223127,0.068166226,310494.8,4.7
1.0188783,1.0768574,1.2444657,0.13901904,275636.66,3.5
0.358169,0.17581913,0.7128568,0.68741024,188644.9,1.9
0.63471293,0.6371404,0.2658044,0.33426198,155126.95,1.9
1.1364739,0.6371404,0.7128568,0.107208595,134379.12,2.6
0.52379817,0.6371404,1.7337962,1.1488862,113913.69,4.0
0.8294182,0.052628174,3.2017882,0.82318246,349187.72,4.9
0.2843337,0.09933233,0.7128568,0.9528635,164174.45,2.0
2.9647717,0.6371404,3.6911187,0.97817326,289034.4,8.3
0.94768137,0.6371404,0.7128568,1.038244,203671.17,3.3
1.4182069,2.2651963,3.6911187,0.27909097,345028.25,7.7
0.8998336,0.6371404,0.75513506,1.6599512,71738.984,4.0
0.57801425,0.6371404,0.7128568,0.21580283,165476.81,2.1
0.61125994,0.65591097,0.7128568,0.07670805,171266.95,2.1
0.7340701,0.3372594,0.7128568,0.49298882,140371.2,2.3
0.18141341,0.082333505,0.7128568,0.42836156,234024.62,1.4
0.5547299,0.6371404,0.7128568,0.7687068,224385.77,2.7
0.8104359,0.6371404,0.7128568,0.73706704,200567.67,2.9
0.061146762,0.38334176,0.2658044,0.018613439,220920.38,0.7
0.53995574,0.6371404,0.7128568,0.04952275,183490.33,1.9
0.997322,0.6371404,0.7128568,0.1254137,142811.25,2.5
0.5250191,0.79878813,0.7128568,0.33644265,161778.44,2.4
0.12469404,0.6371404,0.22352624,0.15010129,237718.72,1.1
0.49996144,2.06108,0.7128568,1.268182,148624.36,4.5
0.20510282,0.6371404,0.7128568,0.64101326,161379.06,2.2
0.84106547,0.21755986,0.7128568,0.35239485,141432.03,2.1
1.3527478,0.82336456,1.2444657,0.71622837,384342.7,4.1
0.49836257,0.3600996,2.223127,0.0019830435,252415.77,3.1
0.026257165,0.6371404,0.7128568,0.71679366,168671.14,2.1
0.21545708,2.8191886,0.7128568,0.7278931,177896.14,4.5
0.8952373,0.6371404,0.7128568,0.21108206,166642.58,2.5
0.054014374,0.6917176,1.7337962,1.1991259,297720.3,3.7
0.5298924,0.6371404,1.2444657,0.95134014,125278.35,3.4
1.0471263,0.6371404,0.22352624,0.89949787,187899.22,2.8
1.0690137,1.2638946,0.22352624,1.8694068,469497.53,4.4
1.2535992,0.9902639,1.2444657,0.46430376,350921.84,4.0
0.6574415,0.6371404,0.7128568,0.7465771,130633.2,2.8
0.17824152,0.6371404,0.2658044,0.6990761,252355.61,1.8
0.95580125,0.6371404,0.2658044,0.106079824,146525.64,2.0
0.47458455,0.64785355,0.7128568,0.07397786,189565.89,1.9
2.221621,2.7718272,0.7128568,0.8232363,471527.4,6.5
0.36467564,0.879257,0.7128568,0.23397292,207383.67,2.2
0.5908654,0.7051819,0.7128568,0.9101103,124727.43,2.9
2.480984,2.3485727,1.2444657,1.607212,593618.75,7.7
1.1192628,0.04365389,0.7128568,1.1358726,88623.96,3.0
3.6756144,0.6371404,0.7128568,1.817039,193847.64,6.8
0.8117685,0.28307307,0.7128568,1.2231724,97494.67,3.0
1.400682,0.6371404,0.7128568,0.68143064,147662.61,3.4
0.87060267,1.097742,0.2658044,0.24632972,256118.73,2.5
0.8903408,0.6371404,0.7128568,0.81457764,197635.34,3.1
0.32679954,0.59279734,0.7128568,1.0351195,159778.67,2.7
0.4486602,0.5467232,0.7128568,0.41452146,212077.28,2.1
0.7869854,0.6371404,0.2658044,1.561673,246354.08,3.3
0.43254957,0.6371404,0.7128568,0.7574764,141780.23,2.5
0.38156986,0.725402,0.7128568,1.1986462,117000.38,3.0
1.2206721,0.95469505,2.223127,0.96388626,207923.69,5.4
0.8432707,0.6371404,0.22352624,0.2986914,175032.1,2.0
0.04058009,0.4413193,0.75513506,0.92712814,280005.25,2.2
1.0712289,1.1775734,0.22352624,0.9805068,199227.69,3.5
0.8779692,0.6371404,1.2444657,0.5990125,126580.51,3.4
1.1127023,0.6371404,0.7128568,1.3112401,80888.41,3.8
1.8884388,0.6371404,0.7128568,1.391891,191229.1,4.6
0.32908383,0.830148,0.7128568,0.7731712,180371.02,2.6
0.18947399,0.092498414,0.2658044,2.0729682,386773.84,2.6
0.9824832,0.6371404,0.2658044,0.4428487,171461.0,2.3
1.6402202,1.3861309,0.7128568,0.89017534,235848.9,4.6
1.278581,1.1316117,0.7128568,0.66895235,240054.44,3.8
0.6011124,0.6371404,0.7128568,0.67401993,214944.62,2.6
2.0454018,0.6371404,0.7128568,0.2704311,328241.75,3.7
0.21649048,0.506504,0.75513506,0.041787922,205768.69,1.5
0.46414813,0.85215336,0.7128568,0.64238787,224610.69,2.7
0.94513464,0.6371404,0.2658044,1.2875321,216252.17,3.1
0.8358817,0.6371404,0.2658044,0.957279,209827.81,2.7
0.06095091,0.6771368,0.7128568,0.6675692,260146.72,2.1
0.28804874,0.28045672,0.7128568,0.060221605,201925.4,1.3
0.8078399,0.6371404,0.2658044,0.15383859,153918.53,1.9
0.731965,0.6371404,0.22352624,1.4036922,91024.13,3.0
0.59119314,0.6371404,0.7128568,0.33426204,196250.25,2.3
1.1940953,0.6371404,0.7128568,0.5375624,111624.05,3.1
2.283748,2.1589,0.7128568,1.251371,223423.77,6.4
0.28993443,2.601827,1.2444657,0.2835251,260051.77,4.4
0.60206854,0.47332445,1.7337962,0.47213408,203306.84,3.3
1.2991327,0.7530642,1.2444657,1.1519691,423357.56,4.4
0.7862983,0.6371404,1.2444657,1.6869409,253077.22,4.4
1.4471155,0.6371404,0.7128568,1.0336368,211498.64,3.8
0.5890274,2.4415781,0.7128568,0.8563915,186873.22,4.6
0.99444073,0.6371404,0.22352624,1.0875528,201723.05,2.9
0.96680945,0.6371404,0.7128568,0.43896976,129466.24,2.8
1.5064205,0.6371404,0.7128568,0.6283645,388274.78,3.5
1.5150409,0.6371404,0.7128568,0.823419,236682.2,3.7
0.8188771,0.08646589,0.7128568,0.6587533,126752.45,2.3
1.3496013,0.6371404,0.7128568,1.2827797,181796.47,4.0
0.7995658,0.70589006,0.7128568,1.6075591,130704.44,3.8
0.6590331,0.6371404,0.7128568,0.88553375,221886.47,2.9
0.1558798,1.8168275,0.7128568,1.1533408,129606.28,3.8
2.0165775,1.509927,1.7337962,0.80176306,451014.6,6.1
0.7636477,0.26315206,1.2444657,1.0923579,106518.42,3.4
1.1137276,0.6371404,0.7128568,1.6151391,214654.84,4.1
0.6760986,0.6505529,0.7128568,3.7926905,381937.4,5.8
0.20510282,0.6371404,3.6911187,6.3322124,622888.8,10.9
0.52770436,0.6371404,0.7128568,0.19487296,169953.8,2.1
0.8395456,0.051638197,0.2658044,1.1036265,217089.94,2.3
0.47616804,0.75753874,0.7128568,0.42458144,210517.66,2.4
0.47276574,0.21632482,2.223127,0.22535121,232449.7,3.1
0.99321383,0.6371404,0.2658044,1.5068344,222147.33,3.4
0.97044384,0.6371404,0.2658044,0.80190796,189992.0,2.7
0.34501186,0.24154185,0.7128568,0.861524,174256.27,2.2
0.07943124,0.5850252,0.75513506,0.74945587,277934.38,2.2
1.6588843,0.6371404,1.2444657,0.88201916,237651.02,4.4
0.4685243,0.7070195,0.7128568,0.5642456,204607.9,2.5
0.31602556,1.0600566,0.7128568,1.2701122,140972.88,3.4
0.9312663,0.6371404,0.7128568,0.22436094,142273.9,2.5
1.5163784,1.5201133,1.2444657,1.9581423,117667.74,6.2
0.049479127,0.6371404,0.2658044,1.0075257,144381.98,2.0
1.1192073,0.6371404,0.7128568,1.632657,214874.48,4.1
0.37709704,0.08689786,1.2444657,0.032478776,246745.72,1.7
1.2159791,0.6371404,0.7128568,0.81107837,98494.93,3.4
0.89509857,0.6371404,0.2658044,1.0313632,208197.77,2.8
0.9562785,0.6371404,0.75513506,0.20073768,161610.48,2.5
0.9342255,0.6371404,0.22352624,0.62418646,184312.64,2.4
0.14044116,0.5469015,0.2658044,2.762689,395152.28,3.7
0.7705227,1.1065059,0.7128568,1.3763947,150119.16,4.0
0.655324,0.77849317,0.7128568,0.6661274,135253.3,2.8
0.5256913,0.6371404,0.7128568,0.15773383,190875.9,2.0
0.10213946,0.6371404,0.7128568,1.0370406,281981.1,2.5
0.59820765,0.6371404,2.223127,0.3618359,155802.45,3.8
0.37142193,0.69605106,0.7128568,0.8682267,138060.94,2.6
0.63494676,0.35255274,1.2444657,1.6378525,81453.45,3.9
0.5398494,3.2877061,0.7128568,0.8355327,186142.1,5.4
0.8144051,0.6371404,0.2658044,0.76710904,201802.72,2.5
0.8210386,0.397131,0.2658044,0.589398,327577.3,2.1
1.4201112,0.6371404,0.7128568,0.9495254,218899.44,3.7
1.0796148,0.8577693,1.2444657,1.1357468,184859.12,4.3
0.77941877,0.014764995,0.7128568,0.1323603,156934.44,1.6
0.20865436,0.6371404,0.22352624,0.35637185,227114.38,1.4
1.2138816,0.6371404,0.7128568,0.46724862,154170.22,3.0
0.3310264,0.82519794,0.2658044,0.3623549,218026.75,1.8
0.9176424,0.6371404,0.2658044,2.3127196,270357.8,4.1
0.72658247,0.6371404,0.7128568,0.45679596,142777.64,2.5
3.6155663,0.6371404,0.7128568,1.2684274,275644.72,6.2
1.4877547,1.1232545,0.2658044,0.4670175,272468.7,3.3
0.4097264,0.6371404,0.7128568,0.42522186,163432.27,2.2
0.4891106,0.6244083,2.223127,0.96222687,173213.28,4.3
0.4760869,0.041642208,0.2658044,0.051254947,255212.27,0.8
0.42417365,0.6371404,0.7128568,0.47094837,159768.11,2.2
0.6380484,0.6371404,0.7128568,1.2580956,244785.34,3.2
0.19824791,0.6371404,2.223127,0.32276392,256062.64,3.4
1.2755162,0.91935325,1.2444657,0.2094612,285617.0,3.6
2.027516,0.6371404,1.2444657,2.0751786,116942.67,6.0
0.8009345,0.6371404,0.2658044,0.28298557,147558.66,2.0
1.2395778,0.6371404,0.7128568,1.0353084,87672.25,3.6
0.44034687,0.052436158,0.2658044,0.53258115,291543.72,1.3
0.56894076,0.55520487,0.7128568,1.1151285,113909.1,3.0
0.2546526,2.2793968,0.7128568,0.5462462,277487.62,3.8
0.18830153,0.6371404,0.75513506,0.7042657,283929.0,2.3
1.3829169,0.6371404,0.7128568,0.73356545,151234.77,3.5
0.27958772,1.8270553,0.7128568,0.54992366,279806.7,3.4
1.6789875,0.6371404,0.7128568,0.33917078,371273.34,3.4
0.06327469,0.41565874,0.2658044,1.2914808,303235.47,2.0
0.07433651,0.83304983,0.75513506,0.027139591,210993.97,1.7
1.2026407,0.6371404,0.7128568,0.9214659,174927.4,3.5
1.0147157,0.47175667,1.2444657,1.5857967,71623.36,4.3
0.38600945,0.8309024,0.7128568,0.13960503,182589.23,2.1
0.75903857,3.398501,0.7128568,0.56908184,220634.92,5.4
0.38858604,0.51591796,0.7128568,0.5707658,226498.47,2.2
1.4442974,1.9251736,0.2658044,1.9433353,518952.66,5.6
0.698304,0.6371404,2.223127,0.6876154,131734.38,4.2
0.4000335,0.73381764,0.2658044,0.36408517,212786.0,1.8
0.22287981,0.8845174,0.7128568,1.1055009,317296.3,2.9
0.37133288,0.8060621,0.7128568,0.07307747,196840.66,2.0
0.11391621,0.9977581,0.7128568,0.113113984,217623.92,1.9
0.33738026,0.6371404,1.2444657,0.91571486,252509.33,3.1
1.2668637,0.786801,0.7128568,0.7226136,377637.06,3.5
1.223607,0.6371404,0.7128568,1.9417554,217166.69,4.5
0.41004613,0.5446084,2.223127,0.1779495,260696.94,3.4
1.2021028,1.2845173,1.2444657,0.1145413,312582.47,3.8
0.9336821,0.6371404,0.7128568,1.8441623,245086.42,4.1
0.052480202,0.4519922,0.75513506,0.3080149,235829.33,1.6
1.1100507,0.6371404,0.75513506,1.1909419,86504.5,3.7
0.46911022,0.6371404,0.7128568,0.20772189,198011.16,2.0
0.8717497,0.6371404,1.2444657,0.1829535,148218.8,2.9
0.079829834,0.7790878,1.2444657,2.0704007,69623.75,4.2
0.9546676,0.6371404,0.22352624,1.7978003,240474.06,3.6
0.39689663,0.8146586,0.7128568,0.33052155,170057.6,2.3
0.28196082,0.0052770586,1.2444657,1.0485957,318473.1,2.6
0.07112169,2.228002,1.2444657,1.8722898,83530.83,5.4
2.0395484,3.367567,0.75513506,0.5389203,422342.0,6.7
0.67594594,0.6505529,0.7128568,0.90024173,121120.32,2.9
0.39204115,0.8052055,0.7128568,0.5667799,200074.8,2.5
0.8507716,0.17453273,0.7128568,0.23816156,146735.67,2.0
0.20475952,0.21384571,1.2444657,0.72953737,287236.88,2.4
0.18908042,0.87906736,0.2658044,1.6941278,317648.06,3.0
1.3605187,0.6371404,0.7128568,1.0095208,164242.22,3.7
1.4447095,1.1742052,1.2444657,0.3256371,351842.0,4.2
1.7354065,0.6371404,0.7128568,0.8357946,246515.98,3.9
0.11492853,0.5690908,0.2658044,1.72473,352568.94,2.7
0.41041887,0.7556442,0.7128568,0.40091032,214247.75,2.3
1.3199385,0.60266507,0.7128568,0.6887918,98209.09,3.3
0.8659081,0.6371404,0.7128568,0.9258039,110488.25,3.1
0.3795329,0.131323,1.7337962,0.17351922,230571.12,2.4
0.48961192,0.6371404,0.22352624,1.4332248,269750.78,2.8
3.1321917,0.6371404,1.2444657,0.2592426,471833.78,5.3
0.3119592,1.0723127,0.7128568,0.479892,277001.78,2.6
0.88033956,0.6371404,0.75513506,0.6501171,190128.11,2.9
0.48174316,0.6371404,1.7337962,1.7296201,80924.21,4.6
1.4172294,0.81727946,1.2444657,1.0838599,427613.4,4.6
0.7711761,0.3801326,0.2658044,0.52319336,317621.44,1.9
3.848534,0.6371404,0.7128568,1.3524148,271919.88,6.6
0.020557571,0.3899798,0.75513506,0.10520348,226946.81,1.3
0.092728816,0.58356345,0.2658044,0.77964085,265166.53,1.7
0.4922481,3.0698369,1.2444657,0.47945398,212894.55,5.3
0.9936467,0.77131474,0.75513506,1.5315899,144214.56,4.1
0.95482457,0.6371404,0.75513506,0.16468835,143701.48,2.5
0.113542914,0.6371404,0.7128568,0.6275368,167325.62,2.1
0.8713476,0.6371404,0.75513506,0.07375196,153834.16,2.3
0.12379767,0.39596912,0.7128568,0.25855374,245634.4,1.5
1.1891162,0.6371404,0.7128568,0.92307913,176216.75,3.5
1.5514958,0.862669,1.2444657,0.8879031,231715.75,4.5
1.2062622,0.9901014,1.2444657,0.28550836,329629.78,3.7
0.33871824,0.13171002,0.7128568,0.65928656,189803.02,1.8
1.4073886,1.1376964,1.2444657,0.41647837,358291.0,4.2
1.2496448,0.94836915,1.2444657,1.2959219,432885.12,4.7
1.534448,0.6371404,0.7128568,1.2374953,194044.7,4.1
0.7685709,0.6371404,0.2658044,0.57270217,195372.31,2.2
0.058087606,0.35657874,0.22352624,0.83503664,282265.5,1.5
1.138518,0.23059139,0.7128568,1.262389,175224.05,3.3
0.7121875,3.3029108,1.2444657,0.09776194,275893.4,5.4
0.6631725,0.45605406,0.7128568,1.2329971,103156.27,3.1
2.8314543,0.47468013,0.7128568,1.3503505,232649.03,5.4
0.77771527,0.6371404,0.7128568,0.6773669,200197.97,2.8
0.07467003,0.48041838,0.75513506,0.30127144,192023.08,1.6
0.53598124,0.5453859,0.7128568,0.8154389,228754.92,2.6
0.07579936,2.2139592,0.7128568,0.9751306,280144.8,4.0
0.16116093,0.6371404,2.223127,1.3320997,328346.44,4.4
0.15663956,0.6371404,0.2658044,1.1548187,314720.38,2.2
0.5410836,0.87445575,0.7128568,0.91584927,234193.34,3.0
0.47244248,0.791388,0.7128568,0.2917827,227018.83,2.3
0.66749996,0.09494413,0.2658044,0.1377566,252481.9,1.2
0.8327656,0.6371404,0.7128568,0.9244905,112163.695,3.1
0.35806453,0.6728983,0.7128568,0.3196726,213253.61,2.1
0.49991575,0.6371404,0.2658044,1.4235389,98597.56,2.8
1.3449264,1.871643,0.7128568,0.68948185,241580.02,4.6
0.8436589,0.6371404,0.22352624,0.9741105,109064.58,2.7
0.0023027728,1.633298,0.7128568,1.8048652,90303.664,4.2
0.489032,0.6358108,0.22352624,0.3985621,284538.75,1.7
0.5780098,0.59295434,0.7128568,0.11202318,171474.19,2.0
1.4910716,0.6371404,0.7128568,0.0330351,317960.34,2.9
0.82257473,0.73704344,1.2444657,0.80729944,118784.92,3.6
1.0896679,1.0507466,1.2444657,0.06187593,299475.88,3.4
0.3372524,0.13633807,0.7128568,0.59068626,195101.05,1.8
1.2378296,0.6371404,0.7128568,0.008781263,131821.75,2.6
1.0808554,0.6371404,0.7128568,0.29868093,156960.72,2.7
1.4948095,0.6371404,0.7128568,0.97380656,219945.3,3.8
1.1371962,0.6371404,0.7128568,0.6082436,111685.96,3.1
0.91533077,2.295937,0.7128568,0.49950287,235829.14,4.4
0.17671162,0.6371404,0.22352624,0.80192924,259358.66,1.8
1.4937137,0.6371404,0.7128568,0.12818132,334978.0,3.0
0.29576662,1.1886176,0.7128568,0.5600305,281911.7,2.8
0.03403093,0.6244904,0.7128568,1.5366851,110407.14,2.9
0.20870866,0.6788521,2.223127,1.6885135,359978.75,4.8
0.9843191,0.6371404,0.7128568,0.4681676,172546.86,2.8
1.0262673,0.6371404,0.2658044,1.137219,201105.75,3.1
0.35190976,0.39287326,0.2658044,1.4726616,358359.06,2.5
0.66253877,0.6567877,0.7128568,3.4912233,367188.5,5.5
0.72516745,0.6371404,0.2658044,0.57174695,136599.44,2.2
0.9263247,0.6371404,0.22352624,0.03222247,152187.75,1.8
0.45257705,0.03044062,1.2444657,0.9566111,326881.16,2.7
0.057166837,0.70080614,0.7128568,0.89768565,151658.78,2.4
0.8925896,0.6371404,0.7128568,0.719267,192605.56,3.0
0.30308765,0.6371404,0.7128568,0.1053532,190269.33,1.8
0.5022116,0.40257248,0.7128568,0.7604658,190404.2,2.4
0.55050594,0.6371404,0.7128568,0.04140977,252748.66,1.9
0.27792904,0.17385663,1.2444657,1.6247764,362498.3,3.3
0.50591063,0.42452103,2.223127,0.98315215,172294.23,4.1
0.77472335,0.22543168,0.7128568,1.1290463,104065.3,2.8
0.8234689,0.6371404,0.2658044,0.40487444,139769.89,2.1
0.69487655,0.8446718,0.7128568,0.7156622,130372.03,3.0
0.4668793,0.6371404,0.7128568,0.2751955,169061.67,2.1
2.1779444,0.6371404,1.2444657,1.3850725,535019.8,5.4
0.76775306,0.75058144,0.7128568,0.82201123,120802.2,3.1
0.7415042,0.6371404,1.2444657,1.420202,89770.95,4.0
0.6238958,0.6371404,0.7128568,1.1139604,111544.89,3.1
2.7659338,2.4462883,3.2017882,1.0422423,548502.06,9.5
0.022847783,0.7215025,0.2658044,0.43057013,186176.67,1.4
1.0011718,0.6371404,0.7128568,0.44170424,127291.38,2.8
0.15220569,0.20808521,0.7128568,0.1943637,220566.06,1.3
0.5727385,3.1573331,0.7128568,0.8369441,187685.61,5.3
1.0052963,0.6371404,0.2658044,0.54737943,174686.6,2.5
0.40605536,0.30249247,2.223127,1.6009312,118193.49,4.5
0.4639028,0.6371404,0.7128568,1.0459329,122731.01,2.9
0.7758651,0.6371404,1.2444657,1.4339871,87752.11,4.1
0.43689564,0.83598226,0.7128568,0.42061338,213374.17,2.4
1.0357416,0.6371404,0.22352624,1.1504363,91587.375,3.0
1.1356972,1.000827,1.2444657,0.024185661,299099.16,3.4
0.32894012,0.084464036,0.22352624,0.009924372,240055.28,0.6
4.6356244,0.6371404,0.7128568,0.18554117,571939.94,6.2
0.50523674,2.8862371,0.7128568,0.7082471,194853.33,4.8
0.5400394,3.2877061,0.7128568,0.37936532,223995.67,4.9
0.52783227,2.5638402,0.7128568,0.513688,212146.97,4.3
0.1834451,0.4277652,0.75513506,0.3097246,225954.55,1.7
1.3555826,0.6371404,0.7128568,1.0834453,167674.27,3.8
1.4944948,0.6371404,3.6911187,1.1490991,201620.86,7.0
1.7540728,1.5822912,1.2444657,0.514842,396428.62,5.1
1.4485302,0.6371404,0.7128568,0.683016,143671.42,3.5
0.1364291,0.097903535,0.22352624,1.7336106,355550.7,2.2
0.8743442,0.6371404,0.75513506,0.40950578,178332.83,2.7
0.48515058,0.5080128,0.22352624,0.14472358,263489.88,1.4
1.3743985,0.6371404,0.7128568,0.40765542,138976.88,3.1
1.0047324,0.6371404,1.2444657,0.39206105,167249.61,3.3
0.41536286,0.5087783,0.7128568,0.5443798,203189.64,2.2
1.2834939,0.7585292,0.7128568,1.0404627,203281.34,3.8
1.1702732,1.1785139,1.2444657,2.8762767,578599.06,6.5
0.20510282,0.6371404,0.7128568,1.1242651,129395.96,2.7
0.4751177,0.85996366,0.7128568,0.29502827,202813.92,2.3
0.5225595,3.1549776,0.7128568,0.52375126,211011.47,4.9
0.719407,0.14617586,0.7128568,0.65687656,132276.34,2.2
2.2943068,1.9016368,1.7337962,1.468486,556931.56,7.4
1.3074311,0.73666406,1.2444657,2.3188338,541113.94,5.6
0.74035436,0.6371404,0.7128568,0.7901584,209463.78,2.9
0.20510282,0.6371404,0.7128568,1.1638093,126778.8,2.7
1.3923808,0.6371404,0.7128568,0.5727516,256057.84,3.3
0.4321911,0.95233995,0.7128568,0.6714671,302065.28,2.8
0.2147565,0.20267326,1.2444657,0.94544035,304424.4,2.6
0.8718242,0.6371404,0.2658044,1.4004983,85910.69,3.2
0.40061408,0.39288443,0.22352624,1.5561116,286385.56,2.6
0.8760908,0.6371404,0.7128568,0.79563314,116642.984,3.0
0.41446286,0.6371404,0.7128568,1.0630019,161579.39,2.8
1.3267866,0.6371404,0.7128568,0.90178967,219229.78,3.6
0.69934195,0.7788359,0.7128568,0.78253627,198786.78,3.0
0.15704307,0.56627727,0.7128568,0.31397116,186016.22,1.8
0.048128586,1.733721,0.7128568,1.3993883,117125.29,3.9
0.5540334,0.8242184,0.7128568,0.30712432,161696.55,2.4
0.38137454,1.1537509,0.7128568,0.35905397,215962.34,2.6
1.1505651,0.5506931,1.2444657,1.0991462,187595.52,4.0
0.82361114,0.94172597,0.7128568,1.1782287,380399.28,3.7
1.0758892,1.2297412,1.2444657,0.48908994,339097.72,4.0
1.059063,0.6371404,0.22352624,0.82431567,183299.62,2.7
0.73843306,0.6371404,0.2658044,0.13487862,174131.62,1.8
1.0191109,0.18398944,0.7128568,0.93583214,102579.54,2.9
1.3906016,0.6371404,0.22352624,0.95131725,159174.12,3.2
0.7032264,0.636185,0.7128568,0.09438375,274959.7,2.1
0.6297592,0.6658454,0.7128568,1.1176289,111077.695,3.1
0.25899076,0.84537184,1.7337962,0.2976581,213171.14,3.1
0.40986457,0.7847204,0.7128568,0.34650248,210941.17,2.3
0.90991473,0.6371404,0.7128568,0.7208595,118665.85,3.0
0.85957885,0.6371404,0.7128568,0.13927129,165590.0,2.3
1.2124559,0.6371404,0.7128568,2.1567755,227781.1,4.7
0.1198408,0.6083695,0.2658044,5.085524,556053.8,6.1
0.94179726,0.6371404,0.7128568,0.40670547,172895.11,2.7
0.25291815,0.49141294,1.2444657,0.71539426,180835.67,2.7
0.38341755,2.737883,1.2444657,1.0197434,163606.11,5.4
0.50884277,0.09568098,0.2658044,0.009155519,252551.95,0.9
1.309741,0.17429623,0.7128568,0.8838957,220188.64,3.1
0.60606873,0.72872233,0.7128568,0.091967545,181258.56,2.1
0.16743469,2.5293183,0.7128568,1.2376637,321927.4,4.6
1.6022094,1.010249,0.7128568,0.9396448,228688.14,4.3
0.006404781,0.59650767,0.75513506,0.15316391,229334.58,1.5
2.2046416,3.0065594,0.75513506,0.3364274,411403.7,6.3
0.76412255,0.6371404,0.2658044,0.9358224,215199.97,2.6
2.2450411,0.6371404,1.2444657,0.78374916,468793.6,4.9
0.26465335,0.27692688,0.7128568,0.00405194,199937.1,1.3
0.56014293,0.9012282,0.7128568,0.8911763,231043.12,3.1
1.1375294,0.23059139,1.7337962,1.638816,454899.88,4.7
1.3391476,0.6371404,0.7128568,1.2297637,75185.195,3.9
0.24532518,0.6371404,1.2444657,1.7471753,315065.66,3.9
0.9819344,0.6371404,0.7128568,0.72611076,114585.58,3.1
1.1799108,0.9052304,1.2444657,1.7969666,474801.1,5.1
0.26735145,0.07625782,0.7128568,1.677221,90834.35,2.7
0.5187076,3.3799853,0.7128568,1.3062667,146247.61,5.9
0.53532225,0.8661757,0.7128568,1.6129053,86152.625,3.7
0.60164535,0.6807829,0.7128568,0.9822701,120069.42,3.0
0.8237416,0.08808973,0.7128568,0.66173804,126331.37,2.3
0.9736967,0.9388795,0.22352624,0.74031794,354181.9,2.9
0.9965557,0.6371404,1.2444657,0.9919082,196898.98,3.9
0.68588996,0.6371404,0.2658044,0.18581082,180753.78,1.8
0.71018916,0.37753716,0.75513506,0.87038547,121076.586,2.7
0.82893753,0.2814069,1.2444657,0.9000741,113622.43,3.3
0.8824372,0.6371404,0.2658044,2.0134938,259391.8,3.8
0.4859487,0.43220255,0.7128568,0.8040367,185993.47,2.4
1.4758596,0.6371404,0.7128568,0.9407327,222487.64,3.8
0.91091555,0.6371404,0.75513506,0.57338095,183701.39,2.9
0.5957758,0.8649479,0.7128568,0.6784012,137784.61,2.9
0.99577487,0.6371404,0.7128568,0.5352378,174876.69,2.9
1.7644979,0.6371404,0.7128568,0.6654002,266819.38,3.8
0.40540218,0.6371404,0.7128568,0.23913382,227019.19,2.0
0.47753417,0.82288647,0.7128568,0.49850368,154979.5,2.5
1.2032247,1.1894652,0.7128568,1.1444831,189413.45,4.3
1.3989226,0.6371404,0.7128568,1.3789585,66831.99,4.1
3.729304,2.5493205,4.66978,1.7666252,203176.23,12.7
0.21939825,0.6535016,0.75513506,0.9961482,268419.7,2.6
0.030423611,0.61466503,0.2658044,0.50212187,251121.67,1.4
1.2258223,0.6371404,0.7128568,0.3599978,148583.38,2.9
1.0113394,0.6371404,0.7128568,0.8689425,189637.73,3.2
1.4661499,2.1105566,0.7128568,0.1720691,337543.44,4.5
1.2600365,1.2234116,1.2444657,2.0147927,505200.88,5.7
0.69294095,0.6371404,0.2658044,0.6349006,134933.0,2.2
0.38462925,0.64089304,0.7128568,0.6415758,231223.86,2.4
0.6647289,0.62130135,0.7128568,0.8514853,191083.11,2.9
0.036399763,0.37867478,1.2444657,0.00675404,220064.28,1.7
0.5489993,2.9888144,0.7128568,1.3770958,141566.64,5.6
0.23810726,0.66788614,0.7128568,0.46384233,199206.14,2.1
0.37304947,0.632789,0.7128568,0.24662481,263422.66,2.0
0.097844906,0.6050056,0.2658044,0.23740399,242139.84,1.2
0.46007708,0.7250481,0.22352624,0.07336262,190558.75,1.5
1.0212536,0.6371404,0.75513506,0.9813279,194129.14,3.4
0.3889758,0.6286835,0.7128568,0.011919632,244045.72,1.7
0.5813008,0.30598977,0.2658044,0.27175805,235531.25,1.4
0.67489344,0.68564236,1.7337962,0.8515213,338046.66,3.9
0.4830687,0.6371404,0.7128568,0.96016264,126993.23,2.8
2.240697,1.9148189,0.7128568,1.3690327,207384.98,6.2
1.050485,1.0195202,0.75513506,0.3268056,321728.16,3.2
0.09084298,0.59935033,0.75513506,1.6819179,96083.99,3.1
0.958412,0.6371404,1.7337962,0.97431004,103615.18,4.3
0.36940184,0.2915222,0.2658044,0.16191556,256447.4,1.1
1.5357668,1.2541269,0.7128568,0.6052635,260724.33,4.1
0.6653878,0.66839933,0.2658044,0.32795215,236026.45,1.9
0.46179083,0.9195021,0.7128568,0.38186696,162939.62,2.5
0.095987834,0.42409423,0.75513506,2.2075295,362893.56,3.5
1.3195215,0.6371404,0.7128568,0.76010513,157767.95,3.4
0.5544634,0.92838234,0.7128568,0.28720877,196329.38,2.5
0.39600158,3.0811465,0.7128568,0.43148524,211084.22,4.6
0.1216825,0.7592947,0.7128568,0.70682627,278441.84,2.3
0.20510282,0.6371404,0.7128568,0.24305402,187717.25,1.8
0.53984857,1.7582932,0.75513506,0.67671645,199316.89,3.7
0.9227458,0.6371404,0.22352624,0.3013972,169122.5,2.1
0.51660734,2.8839245,1.2444657,0.64151305,200961.5,5.3
0.20510282,0.6371404,0.7128568,4.5135417,502523.56,6.1
0.45626056,0.7840745,0.7128568,0.13976178,194848.69,2.1
0.8304542,0.6371404,0.7128568,1.3516381,90020.305,3.5
1.7254478,0.6371404,0.7128568,1.0202613,225785.88,4.1
1.1154966,0.6371404,0.75513506,0.7001838,172668.42,3.2
1.3274063,0.67055345,2.7124577,0.67324275,377848.75,5.4
0.8869857,0.6371404,0.75513506,0.011691049,155930.4,2.3
0.75708157,0.008087563,0.7128568,0.48829743,139283.31,2.0
1.2365305,0.6371404,0.7128568,2.2105262,227251.86,4.8
0.533818,0.6371404,1.7337962,0.5214091,150362.36,3.4
0.7559437,0.744197,0.7128568,0.019122908,164582.08,2.2
0.98347396,0.6371404,0.7128568,0.87599367,204794.52,3.2
0.69803286,0.6371404,0.7128568,1.853728,271737.1,3.9
0.043674693,0.6034772,0.75513506,0.52440757,251609.02,1.9
0.25496963,0.08457954,0.7128568,0.12635322,192125.2,1.2
1.1711965,1.2811764,1.2444657,1.1385261,409862.4,4.8
0.87153274,0.6371404,0.75513506,0.38841665,243329.9,2.7
1.3563542,0.6371404,0.7128568,0.9581376,162556.84,3.7
0.6199324,1.154951,0.75513506,0.95953,179678.14,3.5
0.052873302,0.6652099,0.2658044,0.33343217,237568.67,1.3
0.2980379,0.59900564,1.2444657,1.4990045,354879.4,3.6
2.0350566,0.23916152,0.7128568,1.6741207,163885.58,4.7
0.9377136,0.6371404,0.22352624,0.45371532,175551.45,2.3
1.2681427,0.9315435,0.7128568,5.960448,381912.16,8.9
1.0673282,0.12668252,0.7128568,0.73643535,109578.0,2.6
1.1398546,0.6371404,0.7128568,0.5608453,164306.31,3.1
0.1251845,0.11105857,0.7128568,0.6984919,278126.8,1.6
1.808735,0.48855153,0.7128568,1.1737663,212527.42,4.2
0.5727481,0.6371404,0.7128568,0.5560466,210510.45,2.5
0.48184222,2.8396285,0.7128568,1.0057896,169309.88,5.0
1.2076226,0.6371404,0.22352624,0.05956605,131695.45,2.1
3.425228,0.6371404,0.7128568,0.44830954,521829.56,5.2
0.7181163,0.5864702,0.7128568,0.9967185,113780.47,3.0
0.20510282,0.6371404,0.7128568,0.9462433,141178.0,2.5
0.6370664,0.6371404,0.7128568,0.006283313,173498.19,2.0
0.33210862,1.6084594,0.7128568,1.57646,117647.46,4.2
0.94540477,0.6371404,0.2658044,0.6569556,185002.95,2.5
1.0770769,0.6371404,0.22352624,1.0893675,194054.38,3.0
0.6744092,0.6371404,1.2444657,0.5414045,201374.61,3.1
0.5650226,0.6371404,0.7128568,0.94277155,178456.97,2.9
0.073316984,0.35953298,1.2444657,1.0653067,300291.3,2.7
2.7781997,2.852451,1.2444657,0.8761959,527497.25,7.8
0.379313,0.95814836,0.7128568,0.69654506,299589.22,2.7
0.36326405,0.6371404,0.7128568,0.62670666,153591.55,2.3
0.8856721,0.6371404,0.7128568,0.002373597,156736.45,2.2
0.52276367,0.6371404,0.2658044,0.3627985,203194.4,1.8
1.0476947,0.6371404,0.7128568,0.68876857,177899.5,3.1
1.3168232,0.6371404,0.7128568,1.4375308,185878.38,4.1
1.2105178,1.0458055,1.2444657,0.15288128,316947.16,3.7
0.99227774,0.01653249,0.7128568,0.9544159,195474.3,2.7
0.05329864,0.5483419,0.75513506,1.8557729,85164.83,3.2
0.74609214,0.15597509,0.7128568,0.42603004,143287.02,2.0
1.1915603,1.0955074,1.2444657,0.0005772569,300585.25,3.5
0.8870978,0.6371404,0.75513506,0.16218266,148273.58,2.4
0.44131413,3.3994932,0.7128568,1.2747718,145700.62,5.8
0.062328137,0.68161726,1.7337962,1.1082205,136794.58,3.6
0.03571115,0.6371404,0.2658044,0.02262856,218879.94,1.0
0.9623652,0.15608628,0.7128568,0.8900839,107566.055,2.7
1.2848866,0.6371404,0.7128568,0.3388039,143121.97,3.0
0.23381603,0.7458499,0.7128568,0.49944532,169080.53,2.2
0.1627914,0.63733286,0.7128568,0.46727574,264107.88,2.0
0.89110374,0.6371404,0.7128568,1.1721164,96769.33,3.4
0.7674347,0.6371404,0.22352624,0.11585311,158613.12,1.7
1.3541793,0.6371404,0.7128568,0.81952107,228906.02,3.5
0.28425145,0.715872,0.7128568,0.08623338,192762.0,1.8
0.8609245,0.6371404,0.2658044,1.0887631,214312.16,2.9
1.0517508,0.6371404,0.7128568,0.7544031,109553.13,3.2
0.43222308,0.6371404,0.7128568,1.2027144,114606.94,3.0
0.33681548,0.42174554,0.7128568,0.6152417,155776.94,2.1
0.025022358,0.31238794,0.75513506,0.7588832,273916.56,1.9
0.20510282,0.6371404,0.7128568,1.581865,99110.58,3.1
0.037810516,0.18598062,0.7128568,1.03267,146652.39,2.0
0.053568963,0.67847914,0.22352624,2.0174975,73902.15,3.0
0.33607674,0.3054274,0.7128568,0.5732457,196401.95,1.9
0.08380117,0.17189327,0.75513506,0.36982107,237699.8,1.4
0.23676586,1.3944168,1.2444657,0.95134205,263892.5,3.8
0.94013566,0.6371404,0.22352624,1.2020032,212498.64,3.0
0.76491344,1.1536628,0.7128568,1.4282708,145337.73,4.1
0.35564023,2.7667432,0.7128568,1.1042935,155654.66,4.9
2.0022516,0.6371404,0.7128568,0.81860536,451714.47,4.2
0.2559032,0.28393227,0.2658044,2.6846666,441313.84,3.5
0.9721666,0.6371404,0.2658044,0.57357734,178673.36,2.4
0.919603,0.062848255,0.7128568,0.6425275,122075.43,2.3
0.6246957,0.6371404,0.2658044,1.5048238,89333.64,3.0
0.098769195,0.6734825,0.2658044,0.87523353,271197.2,1.9
0.96903485,0.6371404,0.7128568,0.35500768,133446.61,2.7
1.3083433,0.8838447,0.7128568,0.87502956,221008.45,3.8
0.018790448,0.40456796,0.2658044,0.31871408,196626.88,1.0
1.2362965,0.35774747,1.7337962,0.0812344,311756.2,3.4
2.7054667,0.6371404,0.7128568,1.6074027,193885.92,5.7
0.87111896,0.35596034,2.223127,1.1389217,175447.67,4.6
0.3246976,0.6371404,0.7128568,0.811922,177116.34,2.5
0.98081857,1.3029594,0.2658044,1.3911949,415251.34,3.9
0.27681786,0.30946067,0.7128568,0.43865713,203425.98,1.7
0.0900145,0.0672377,0.7128568,0.42211217,182752.5,1.3
0.41939947,0.9147566,0.7128568,0.10289731,195258.53,2.1
0.7347733,3.0710702,1.2444657,1.3107935,154478.31,6.4
0.41469517,2.854089,0.7128568,0.4844557,207953.75,4.5
1.2277615,0.6371404,0.7128568,0.45384318,113310.33,3.0
0.5343217,3.102766,0.7128568,0.64428025,201704.64,5.0
1.3358153,0.87058187,0.2658044,1.1425852,425905.8,3.6
0.68428636,0.6371404,0.2658044,0.2836332,186290.42,1.9
0.4717451,0.6986803,0.7128568,1.0053691,245818.05,2.9
0.61092234,0.8086323,0.7128568,0.4989194,204126.84,2.6
0.4484172,1.2981697,0.7128568,0.31389678,167878.02,2.8
1.208696,0.8062481,1.2444657,0.49167022,350021.38,3.8
0.9194505,0.7146895,1.7337962,0.79241323,354283.38,4.2
0.5187684,0.6371404,0.7128568,0.07408535,177675.2,1.9
2.6591008,0.6371404,0.7128568,1.3356022,227866.34,5.3
1.4832762,0.8378492,0.7128568,0.2253117,297390.7,3.3
0.96120983,0.934449,0.75513506,0.29174402,311640.06,2.9
0.30832115,1.0738032,0.7128568,0.951856,135862.02,3.0
0.9519098,0.6371404,0.2658044,0.31192186,136624.16,2.2
2.220618,2.7718272,1.2444657,0.6652218,452351.03,6.9
0.41528898,0.5087783,2.223127,0.9464667,170957.4,4.1
0.22431085,0.89564836,0.7128568,0.095543906,240824.1,1.9
1.1130561,0.6371404,0.75513506,0.3107637,155064.17,2.8
1.0845041,1.2318996,0.75513506,0.07832694,300677.1,3.1
0.012267886,0.5521625,0.75513506,0.3096785,239013.7,1.6
0.1281023,0.35023364,0.7128568,1.5083443,338049.44,2.7
0.011598537,0.88490933,0.2658044,0.06966904,213877.56,1.2
0.9958885,0.6371404,0.7128568,0.5743114,121189.93,2.9
0.17523104,0.556803,0.75513506,0.56322795,243529.5,2.1
0.20560935,0.74966305,0.7128568,0.2981505,209790.53,2.0
0.030607501,0.65721065,0.2658044,0.7757489,164687.83,1.7
0.02169779,0.0033038228,0.7128568,0.4731507,253259.45,1.2
0.93718475,0.6371404,0.2658044,0.24312317,140960.97,2.1
0.046298686,0.21275605,0.75513506,0.19018003,201547.36,1.2
2.9958057,2.1869948,0.7128568,0.71273804,524279.25,6.6
0.20510282,0.8071926,0.7128568,2.05347,67898.29,3.8
0.70326483,0.6371404,0.7128568,0.73776865,128710.47,2.8
0.6393896,0.75084704,0.7128568,0.008757847,174185.83,2.1
1.1691442,1.2457484,1.2444657,0.19341528,317872.97,3.9
0.24152258,0.78818315,0.7128568,1.4133412,342522.5,3.2
3.024075,2.332511,2.223127,2.0277593,146061.73,9.6
0.51831424,0.19741906,0.2658044,1.6079174,386569.25,2.6
3.9146538,0.6371404,1.7337962,1.2333657,293413.0,7.5
0.5868731,0.6371404,0.7128568,0.6615284,215428.66,2.6
1.2846298,0.6530701,0.7128568,1.5045321,65949.31,4.2
0.658267,0.33013812,0.7128568,0.5122747,143706.02,2.2
0.66547024,3.3091547,1.2444657,1.5834031,128332.766,6.8
0.23123772,1.6081917,0.7128568,1.3387681,289807.28,3.9
0.5857718,0.6371404,0.75513506,0.06997821,173377.88,2.0
0.669414,0.6371404,0.22352624,0.8264064,125555.55,2.4
0.23398775,2.6013079,0.7128568,0.89978784,165801.3,4.4
0.48733705,0.6371404,0.7128568,0.50493073,214443.64,2.3
0.71702087,1.029721,0.22352624,0.64997023,324251.28,2.6
0.87326914,0.6371404,0.7128568,0.9048678,111201.96,3.1
0.78998286,0.6371404,0.7128568,0.5001227,228492.94,2.6
1.7323787,1.256574,0.7128568,1.001672,228148.44,4.7
0.18677953,0.5159701,0.22352624,1.053652,310005.66,2.0
0.598889,0.6860392,0.7128568,0.13391408,168824.47,2.1
1.3079652,0.6371404,0.7128568,0.81225616,160923.5,3.5
1.0123106,0.6371404,0.22352624,1.4137871,215708.31,3.3
0.49880284,2.8411765,0.7128568,0.8909093,179525.64,4.9
1.256156,0.71011275,2.223127,0.19274929,324218.9,4.4
3.0168717,0.6371404,0.7128568,1.3614646,238325.64,5.7
0.65388376,0.9065835,0.7128568,2.1498885,293249.1,4.4
1.3560548,1.06275,1.2444657,0.46086028,358747.78,4.1
0.3912242,0.060440134,0.2658044,0.049800344,249114.53,0.8
0.20510282,0.6371404,0.7128568,1.3712424,113050.23,2.9
0.64519423,0.6371404,0.2658044,0.1610636,182353.08,1.7
0.41096935,0.9005615,0.7128568,0.2432964,204503.84,2.3
0.24295191,1.2246184,0.7128568,0.18084356,221076.19,2.4
0.04349367,0.72189975,0.7128568,1.6862868,99997.34,3.2
1.127053,0.4274962,0.7128568,1.7733989,466730.8,4.0
0.8452104,0.6371404,0.22352624,0.3784072,139830.86,2.1
0.49917397,0.6371404,0.7128568,0.8303762,232872.47,2.7
0.88370705,0.6371404,0.2658044,0.7169587,193247.8,2.5
0.33251196,2.702762,0.7128568,0.59425986,194555.64,4.3
1.3985903,0.6371404,0.7128568,1.2321681,169489.52,4.0
0.004043633,0.73811084,0.7128568,0.401851,246792.7,1.9
0.086712144,0.6579535,0.2658044,0.11861877,203845.23,1.1
0.10119979,0.6371404,2.223127,1.886794,362927.53,4.8
0.74735624,0.6371404,0.7128568,0.86144537,119710.51,3.0
0.4145457,2.854089,0.7128568,0.4421651,211333.98,4.4
1.4379503,0.6371404,0.7128568,1.3132306,182228.52,4.1
1.0468545,0.6371404,0.7128568,0.5775369,118162.88,3.0
0.4192652,0.35541296,2.223127,0.069605336,252679.39,3.1
0.7968263,0.6371404,0.7128568,0.93503594,113350.02,3.1
1.8123099,0.48855153,1.2444657,0.6354626,272759.38,4.2
2.8175445,0.47468013,0.7128568,1.2695366,242956.03,5.3
0.7761239,0.6371404,0.7128568,1.0058538,217849.47,3.1
0.41920003,0.829897,0.7128568,0.07285005,193429.05,2.0
0.33215538,0.20908764,2.223127,0.854534,174161.42,3.6
0.44219485,0.5911928,0.7128568,0.01806019,186265.56,1.8
0.76539385,0.6371404,0.75513506,0.7534669,124593.875,2.9
0.4409917,0.8756543,0.7128568,0.9413044,172608.53,3.0
0.9917574,0.6371404,0.7128568,1.3781831,216061.89,3.7
0.3141568,0.4835501,0.7128568,0.017757026,238423.61,1.5
0.6171438,0.6371404,0.7128568,0.61805135,140063.69,2.6
0.9906394,0.6371404,0.7128568,0.76133096,186259.27,3.1
0.6582038,0.6371404,0.2658044,0.75103307,214431.0,2.3
0.7504803,0.6371404,0.7128568,0.10876996,171852.39,2.2
0.41659462,0.6397991,0.7128568,0.36013162,167019.73,2.1
0.83320284,0.6371404,0.2658044,0.1408826,167585.36,1.9
0.7489852,0.6371404,1.2444657,0.38122272,186655.02,3.0
1.1051544,1.216815,1.2444657,0.9782645,388255.72,4.5
0.78476435,0.6371404,0.7128568,0.6987987,126484.03,2.8
0.7384764,0.6371404,0.2658044,0.6178535,200293.02,2.3
0.9732143,0.6371404,0.75513506,0.2884714,164648.83,2.7
0.5459519,0.05047579,0.7128568,1.2961063,148179.56,2.6
0.51315767,0.6371404,0.2658044,0.5736742,216432.64,2.0
0.11125762,0.6371404,2.7124577,0.68694997,276096.06,4.1
1.3891748,0.6371404,0.7128568,0.8421196,154987.84,3.6
0.23002261,0.44731626,2.223127,1.8705221,91849.93,4.8
0.22640274,0.27783307,0.7128568,2.3483527,411959.3,3.6
1.1905496,0.6371404,0.7128568,1.0071177,91168.984,3.5
0.35141885,2.915268,0.7128568,0.72445154,185365.7,4.7
0.7984683,0.6371404,1.2444657,0.24661022,149635.39,2.9
3.4523883,0.6371404,0.75513506,1.0184587,608674.1,5.9
0.8530807,0.6371404,0.22352624,0.24167229,171344.14,2.0
0.96958035,0.6371404,0.7128568,1.4095862,154677.33,3.7
0.85306805,1.1253748,0.7128568,1.7697958,117874.73,4.5
0.040133398,1.4640286,0.7128568,1.3499526,120883.16,3.6
1.4470403,2.0630713,0.2658044,0.92702895,414194.28,4.7
0.08472423,0.6371404,0.75513506,2.3992848,377445.1,3.9
3.4532032,0.6371404,0.7128568,1.4583688,240807.8,6.3
0.23575872,0.14184757,1.2444657,0.03163418,236778.33,1.7
0.23590456,0.14184757,0.7128568,0.73931104,178109.72,1.8
0.03062864,0.65721065,0.7128568,1.1809349,135721.84,2.6
0.19515032,0.069355056,1.2444657,1.0080074,307352.4,2.5
0.40854263,1.078187,0.7128568,0.31043142,170574.39,2.5
0.50256085,0.6371404,0.7128568,0.38591772,160222.4,2.2
1.1109178,0.95204955,0.75513506,1.317205,421257.75,4.1
0.9800582,0.6371404,0.7128568,0.37183914,131950.14,2.7
1.0370941,0.7794265,0.2658044,1.1925864,402216.53,3.3
1.1860006,0.6371404,0.7128568,0.23247434,146043.8,2.8
1.6291194,1.1848503,1.2444657,0.15486315,314334.9,4.2
0.9838873,0.6371404,0.7128568,0.8956482,202988.05,3.2
0.9449613,0.23672432,0.2658044,0.5113853,177830.97,2.0
1.3351452,0.6371404,0.7128568,0.8482499,160008.22,3.5
1.3428766,0.6482226,2.223127,0.1733511,328648.12,4.4
0.06282309,0.03865761,0.2658044,2.4996037,387107.56,2.9
0.20510282,0.6371404,0.22352624,1.2684427,119853.83,2.3
0.3704487,0.59760547,0.7128568,0.13710633,200902.67,1.8
0.48535362,0.6371404,0.2658044,0.3121429,165683.08,1.7
0.22209975,1.5574527,0.7128568,0.8632581,145822.1,3.4
0.5977876,0.6371404,0.7128568,0.41511267,200379.48,2.4
1.165978,0.6371404,1.2444657,0.57116485,162624.88,3.6
0.03538719,0.6371404,2.7124577,1.2390373,128832.54,4.6
0.49800044,0.4751668,0.7128568,0.3188877,202497.1,2.0
0.6371903,0.6371404,0.7128568,0.4699982,200377.73,2.5
0.79382247,0.5848015,0.7128568,0.23830898,150371.08,2.3
2.6408296,3.1409197,1.2444657,0.28120944,437758.28,7.3
0.4377344,0.15023729,0.22352624,0.4681889,286137.56,1.3
0.8628893,0.29052022,1.7337962,0.2563659,254721.16,3.1
0.521263,0.6435398,0.7128568,0.8695488,182395.44,2.7
0.32111233,0.5586573,0.7128568,1.4332047,352123.62,3.0
0.5516509,3.1221466,0.7128568,1.5138853,130284.35,5.9
0.38579294,0.7417955,0.7128568,0.20675835,204117.83,2.0
0.6215411,0.6371404,0.7128568,1.4626672,91840.25,3.4
0.7598202,0.6371404,0.7128568,0.9985104,111728.62,3.1
1.2067105,0.6371404,0.2658044,1.3610712,193741.17,3.5
0.1545212,0.41754428,0.7128568,1.3159053,130992.03,2.6
0.52174085,0.6371404,0.7128568,0.9305972,236804.28,2.8
0.109840035,0.16927944,1.2444657,1.8869818,363907.44,3.4
1.1370199,1.0659151,1.2444657,2.1317472,91354.55,5.6
1.0843495,0.6371404,0.7128568,1.0965548,397618.12,3.5
0.06804017,2.3045392,0.7128568,0.7735303,278693.75,3.9
0.53403366,0.79102725,0.7128568,0.5638742,214139.53,2.6
0.33967268,2.6591437,1.2444657,0.558056,197796.5,4.8
0.45052722,1.0387099,0.7128568,0.42467713,214886.12,2.6
0.89936644,0.6371404,0.2658044,0.6003786,186016.02,2.4
1.3948889,1.1701523,0.7128568,0.70000285,243193.22,4.0
0.69778645,0.6371404,0.2658044,0.03395585,171513.5,1.6
0.05540975,0.1702716,0.7128568,0.2979936,193455.83,1.2
0.87343013,0.6371404,0.22352624,0.83753127,200291.73,2.6
0.8230603,0.6371404,1.2444657,1.3746649,89104.35,4.1
0.17692818,2.653589,0.7128568,0.7829441,171739.2,4.3
